Package,Released image installed version,Built Trixie installed version,Change,Review group,Review reference,Evidence/disposition
adduser,3.118+deb11u1,3.152,changed,base-or-transitive-support,plan-and-results.md,"Inventoried; no direct changed application interface identified; covered through consumers, not individually certified"
apt,2.2.4,3.0.3,changed,base-or-transitive-support,plan-and-results.md,"Inventoried; no direct changed application interface identified; covered through consumers, not individually certified"
avahi-daemon,0.8-5+deb11u3,0.8-16,changed,discovery-reference-and-daemons,baseline.md,Installed does not mean enabled; no unproven package removal
avahi-utils,0.8-5+deb11u3,0.8-16,changed,discovery-reference-and-daemons,baseline.md,Installed does not mean enabled; no unproven package removal
base-files,11.1+deb11u11,13.8+deb13u6,changed,base-or-transitive-support,plan-and-results.md,"Inventoried; no direct changed application interface identified; covered through consumers, not individually certified"
base-passwd,3.5.51,3.6.7,changed,base-or-transitive-support,plan-and-results.md,"Inventoried; no direct changed application interface identified; covered through consumers, not individually certified"
bash,5.1-2+deb11u1,5.2.37-2+b9,changed,shell-and-control-utilities,runtime.md,Existing shell/lifecycle tests; actual Bashio API error-path checks remain
bind9,1:9.16.50-1~deb11u5,1:9.20.26-1~deb13u1,changed,discovery-reference-and-daemons,baseline.md,Installed does not mean enabled; no unproven package removal
bind9-dnsutils,1:9.16.50-1~deb11u5,1:9.20.26-1~deb13u1,changed,discovery-reference-and-daemons,baseline.md,Installed does not mean enabled; no unproven package removal
bind9-host,1:9.16.50-1~deb11u5,1:9.20.26-1~deb13u1,changed,discovery-reference-and-daemons,baseline.md,Installed does not mean enabled; no unproven package removal
bind9-libs:amd64,1:9.16.50-1~deb11u5,1:9.20.26-1~deb13u1,changed,discovery-reference-and-daemons,baseline.md,Installed does not mean enabled; no unproven package removal
bind9-utils,1:9.16.50-1~deb11u5,1:9.20.26-1~deb13u1,changed,discovery-reference-and-daemons,baseline.md,Installed does not mean enabled; no unproven package removal
bsdutils,1:2.36.1-8+deb11u2,1:2.41-5,changed,base-or-transitive-support,plan-and-results.md,"Inventoried; no direct changed application interface identified; covered through consumers, not individually certified"
coreutils,8.32-4+b1,9.7-3,changed,shell-and-control-utilities,runtime.md,Existing shell/lifecycle tests; actual Bashio API error-path checks remain
curl,7.74.0-1.3+deb11u15,8.14.1-2+deb13u4,changed,shell-and-control-utilities,runtime.md,Existing shell/lifecycle tests; actual Bashio API error-path checks remain
dash,0.5.11+git20200708+dd9ef66-5,0.5.12-12,changed,shell-and-control-utilities,runtime.md,Existing shell/lifecycle tests; actual Bashio API error-path checks remain
dbus,1.12.28-0+deb11u1,1.16.2-2,changed,discovery-reference-and-daemons,baseline.md,Installed does not mean enabled; no unproven package removal
dbus-bin,,1.16.2-2,added,discovery-reference-and-daemons,baseline.md,Installed does not mean enabled; no unproven package removal
dbus-daemon,,1.16.2-2,added,discovery-reference-and-daemons,baseline.md,Installed does not mean enabled; no unproven package removal
dbus-session-bus-common,,1.16.2-2,added,discovery-reference-and-daemons,baseline.md,Installed does not mean enabled; no unproven package removal
dbus-system-bus-common,,1.16.2-2,added,discovery-reference-and-daemons,baseline.md,Installed does not mean enabled; no unproven package removal
debconf,1.5.77,1.5.91,changed,base-or-transitive-support,plan-and-results.md,"Inventoried; no direct changed application interface identified; covered through consumers, not individually certified"
debian-archive-keyring,2021.1.1+deb11u1,2025.1,changed,base-or-transitive-support,plan-and-results.md,"Inventoried; no direct changed application interface identified; covered through consumers, not individually certified"
debianutils,4.11.2,5.23.2,changed,base-or-transitive-support,plan-and-results.md,"Inventoried; no direct changed application interface identified; covered through consumers, not individually certified"
diffutils,1:3.7-5,1:3.10-4,changed,shell-and-control-utilities,runtime.md,Existing shell/lifecycle tests; actual Bashio API error-path checks remain
distro-info-data,0.51+deb11u11,,removed,base-or-transitive-support,plan-and-results.md,"Inventoried; no direct changed application interface identified; covered through consumers, not individually certified"
dns-root-data,2024071801~deb11u1,2025080400~deb13u1,changed,discovery-reference-and-daemons,baseline.md,Installed does not mean enabled; no unproven package removal
dnsutils,1:9.16.50-1~deb11u5,,removed,discovery-reference-and-daemons,baseline.md,Installed does not mean enabled; no unproven package removal
dpkg,1.20.13,1.22.22,changed,base-or-transitive-support,plan-and-results.md,"Inventoried; no direct changed application interface identified; covered through consumers, not individually certified"
e2fsprogs,1.46.2-2+deb11u1,,removed,base-or-transitive-support,plan-and-results.md,"Inventoried; no direct changed application interface identified; covered through consumers, not individually certified"
findutils,4.8.0-1,4.10.0-3,changed,shell-and-control-utilities,runtime.md,Existing shell/lifecycle tests; actual Bashio API error-path checks remain
gcc-10-base:amd64,10.2.1-6,,removed,native-build-and-ABI,compiler-python.md; runtime.md,Full AMD64 build/linkage; ARM ABI acceptance remains
gcc-14-base:amd64,,14.2.0-19,added,native-build-and-ABI,compiler-python.md; runtime.md,Full AMD64 build/linkage; ARM ABI acceptance remains
gcc-9-base:amd64,9.3.0-22,,removed,native-build-and-ABI,compiler-python.md; runtime.md,Full AMD64 build/linkage; ARM ABI acceptance remains
gpgv,2.2.27-2+deb11u2,,removed,base-or-transitive-support,plan-and-results.md,"Inventoried; no direct changed application interface identified; covered through consumers, not individually certified"
grep,3.6-1+deb11u1,3.11-4,changed,shell-and-control-utilities,runtime.md,Existing shell/lifecycle tests; actual Bashio API error-path checks remain
gzip,1.10-4+deb11u1,1.13-1,changed,base-or-transitive-support,plan-and-results.md,"Inventoried; no direct changed application interface identified; covered through consumers, not individually certified"
hostname,3.23,3.25,changed,base-or-transitive-support,plan-and-results.md,"Inventoried; no direct changed application interface identified; covered through consumers, not individually certified"
init-system-helpers,1.60,1.69~deb13u1,changed,base-or-transitive-support,plan-and-results.md,"Inventoried; no direct changed application interface identified; covered through consumers, not individually certified"
iperf3,3.9-1+deb11u3,3.18-2+deb13u2,changed,discovery-reference-and-daemons,baseline.md,Installed does not mean enabled; no unproven package removal
iproute2,5.10.0-4,6.15.0-1,changed,networking,runtime.md,Isolated actual-tool tests; host kernel and physical acceptance remain
ipset,7.10-1,7.22-1+b1,changed,networking,runtime.md,Isolated actual-tool tests; host kernel and physical acceptance remain
iptables,1.8.7-1,1.8.11-2,changed,networking,runtime.md,Isolated actual-tool tests; host kernel and physical acceptance remain
iputils-ping,3:20210202-1,3:20240905-3,changed,networking,runtime.md,Isolated actual-tool tests; host kernel and physical acceptance remain
jq,1.6-2.1,1.7.1-6+deb13u3,changed,shell-and-control-utilities,runtime.md,Existing shell/lifecycle tests; actual Bashio API error-path checks remain
libacl1:amd64,2.2.53-10,2.3.2-2+b1,changed,base-or-transitive-support,plan-and-results.md,"Inventoried; no direct changed application interface identified; covered through consumers, not individually certified"
libapparmor1:amd64,2.13.6-10,4.1.0-1,changed,base-or-transitive-support,plan-and-results.md,"Inventoried; no direct changed application interface identified; covered through consumers, not individually certified"
libapt-pkg6.0:amd64,2.2.4,,removed,base-or-transitive-support,plan-and-results.md,"Inventoried; no direct changed application interface identified; covered through consumers, not individually certified"
libapt-pkg7.0:amd64,,3.0.3,added,base-or-transitive-support,plan-and-results.md,"Inventoried; no direct changed application interface identified; covered through consumers, not individually certified"
libattr1:amd64,1:2.4.48-6,1:2.5.2-3,changed,base-or-transitive-support,plan-and-results.md,"Inventoried; no direct changed application interface identified; covered through consumers, not individually certified"
libaudit-common,1:3.0-2,1:4.0.2-2,changed,base-or-transitive-support,plan-and-results.md,"Inventoried; no direct changed application interface identified; covered through consumers, not individually certified"
libaudit1:amd64,1:3.0-2,1:4.0.2-2+b2,changed,base-or-transitive-support,plan-and-results.md,"Inventoried; no direct changed application interface identified; covered through consumers, not individually certified"
libavahi-client3:amd64,0.8-5+deb11u3,0.8-16,changed,discovery-reference-and-daemons,baseline.md,Installed does not mean enabled; no unproven package removal
libavahi-common-data:amd64,0.8-5+deb11u3,0.8-16,changed,discovery-reference-and-daemons,baseline.md,Installed does not mean enabled; no unproven package removal
libavahi-common3:amd64,0.8-5+deb11u3,0.8-16,changed,discovery-reference-and-daemons,baseline.md,Installed does not mean enabled; no unproven package removal
libavahi-core7:amd64,0.8-5+deb11u3,0.8-16,changed,discovery-reference-and-daemons,baseline.md,Installed does not mean enabled; no unproven package removal
libblkid1:amd64,2.36.1-8+deb11u2,2.41-5,changed,base-or-transitive-support,plan-and-results.md,"Inventoried; no direct changed application interface identified; covered through consumers, not individually certified"
libbpf0:amd64,1:0.3-2+deb11u1,,removed,networking,runtime.md,Isolated actual-tool tests; host kernel and physical acceptance remain
libbpf1:amd64,,1:1.5.0-3,added,networking,runtime.md,Isolated actual-tool tests; host kernel and physical acceptance remain
libbrotli1:amd64,1.0.9-2+b2,1.1.0-2+b7,changed,base-or-transitive-support,plan-and-results.md,"Inventoried; no direct changed application interface identified; covered through consumers, not individually certified"
libbsd0:amd64,0.11.3-1+deb11u1,0.12.2-2,changed,base-or-transitive-support,plan-and-results.md,"Inventoried; no direct changed application interface identified; covered through consumers, not individually certified"
libbz2-1.0:amd64,1.0.8-4,1.0.8-6,changed,base-or-transitive-support,plan-and-results.md,"Inventoried; no direct changed application interface identified; covered through consumers, not individually certified"
libc-ares2:amd64,1.17.1-1+deb11u3,,removed,base-or-transitive-support,plan-and-results.md,"Inventoried; no direct changed application interface identified; covered through consumers, not individually certified"
libc-bin,2.31-13+deb11u13,2.41-12+deb13u4,changed,native-build-and-ABI,compiler-python.md; runtime.md,Full AMD64 build/linkage; ARM ABI acceptance remains
libc-dev-bin,2.31-13+deb11u13,2.41-12+deb13u4,changed,native-build-and-ABI,compiler-python.md; runtime.md,Full AMD64 build/linkage; ARM ABI acceptance remains
libc6-dev:amd64,2.31-13+deb11u13,2.41-12+deb13u4,changed,native-build-and-ABI,compiler-python.md; runtime.md,Full AMD64 build/linkage; ARM ABI acceptance remains
libc6:amd64,2.31-13+deb11u13,2.41-12+deb13u4,changed,native-build-and-ABI,compiler-python.md; runtime.md,Full AMD64 build/linkage; ARM ABI acceptance remains
libcap-ng0:amd64,0.7.9-2.2+b1,0.8.5-4+b1,changed,application-runtime-support,runtime.md,Linkage and service/CLI acceptance; libsystemd newly linked
libcap2-bin,1:2.44-1+deb11u1,1:2.75-10+deb13u1+b3,changed,application-runtime-support,runtime.md,Linkage and service/CLI acceptance; libsystemd newly linked
libcap2:amd64,1:2.44-1+deb11u1,1:2.75-10+deb13u1+b3,changed,application-runtime-support,runtime.md,Linkage and service/CLI acceptance; libsystemd newly linked
libcares2:amd64,,1.34.5-1+deb13u1,added,base-or-transitive-support,plan-and-results.md,"Inventoried; no direct changed application interface identified; covered through consumers, not individually certified"
libcom-err2:amd64,1.46.2-2+deb11u1,1.47.2-3+b11,changed,base-or-transitive-support,plan-and-results.md,"Inventoried; no direct changed application interface identified; covered through consumers, not individually certified"
libcrypt-dev:amd64,1:4.4.18-4,1:4.4.38-1,changed,native-build-and-ABI,compiler-python.md; runtime.md,Full AMD64 build/linkage; ARM ABI acceptance remains
libcrypt1:amd64,1:4.4.18-4,1:4.4.38-1,changed,base-or-transitive-support,plan-and-results.md,"Inventoried; no direct changed application interface identified; covered through consumers, not individually certified"
libcurl4:amd64,7.74.0-1.3+deb11u15,,removed,shell-and-control-utilities,runtime.md,Existing shell/lifecycle tests; actual Bashio API error-path checks remain
libcurl4t64:amd64,,8.14.1-2+deb13u4,added,shell-and-control-utilities,runtime.md,Existing shell/lifecycle tests; actual Bashio API error-path checks remain
libdaemon0:amd64,0.14-7.1,0.14-7.1+b3,changed,base-or-transitive-support,plan-and-results.md,"Inventoried; no direct changed application interface identified; covered through consumers, not individually certified"
libdb5.3:amd64,5.3.28+dfsg1-0.8,,removed,base-or-transitive-support,plan-and-results.md,"Inventoried; no direct changed application interface identified; covered through consumers, not individually certified"
libdb5.3t64:amd64,,5.3.28+dfsg2-9,added,base-or-transitive-support,plan-and-results.md,"Inventoried; no direct changed application interface identified; covered through consumers, not individually certified"
libdbus-1-3:amd64,1.12.28-0+deb11u1,1.16.2-2,changed,discovery-reference-and-daemons,baseline.md,Installed does not mean enabled; no unproven package removal
libdebconfclient0:amd64,0.260,0.280,changed,base-or-transitive-support,plan-and-results.md,"Inventoried; no direct changed application interface identified; covered through consumers, not individually certified"
libedit2:amd64,3.1-20191231-2+b1,3.1-20250104-1,changed,base-or-transitive-support,plan-and-results.md,"Inventoried; no direct changed application interface identified; covered through consumers, not individually certified"
libelf1:amd64,0.183-1,,removed,base-or-transitive-support,plan-and-results.md,"Inventoried; no direct changed application interface identified; covered through consumers, not individually certified"
libelf1t64:amd64,,0.192-4,added,base-or-transitive-support,plan-and-results.md,"Inventoried; no direct changed application interface identified; covered through consumers, not individually certified"
libestr0:amd64,0.1.10-2.1+b1,0.1.11-2,changed,discovery-reference-and-daemons,baseline.md,Installed does not mean enabled; no unproven package removal
libexpat1:amd64,2.2.10-2+deb11u7,2.8.3-1~deb13u1,changed,base-or-transitive-support,plan-and-results.md,"Inventoried; no direct changed application interface identified; covered through consumers, not individually certified"
libext2fs2:amd64,1.46.2-2+deb11u1,,removed,base-or-transitive-support,plan-and-results.md,"Inventoried; no direct changed application interface identified; covered through consumers, not individually certified"
libfastjson4:amd64,0.99.9-1+deb11u1,1.2304.0-2,changed,discovery-reference-and-daemons,baseline.md,Installed does not mean enabled; no unproven package removal
libffi7:amd64,3.3-6,,removed,base-or-transitive-support,plan-and-results.md,"Inventoried; no direct changed application interface identified; covered through consumers, not individually certified"
libffi8:amd64,,3.4.8-2,added,base-or-transitive-support,plan-and-results.md,"Inventoried; no direct changed application interface identified; covered through consumers, not individually certified"
libfstrm0:amd64,0.6.0-1+b1,0.6.1-1+b3,changed,base-or-transitive-support,plan-and-results.md,"Inventoried; no direct changed application interface identified; covered through consumers, not individually certified"
libgcc-s1:amd64,10.2.1-6,14.2.0-19,changed,native-build-and-ABI,compiler-python.md; runtime.md,Full AMD64 build/linkage; ARM ABI acceptance remains
libgcrypt20:amd64,1.8.7-6,,removed,crypto-and-TLS-support,plan-and-results.md,Distinguish tool TLS from bundled radio crypto; no blanket legacy-provider changes
libgdbm6:amd64,1.19-2,,removed,base-or-transitive-support,plan-and-results.md,"Inventoried; no direct changed application interface identified; covered through consumers, not individually certified"
libgdbm6t64:amd64,,1.24-2,added,base-or-transitive-support,plan-and-results.md,"Inventoried; no direct changed application interface identified; covered through consumers, not individually certified"
libgmp10:amd64,2:6.2.1+dfsg-1+deb11u1,2:6.3.0+dfsg-3,changed,base-or-transitive-support,plan-and-results.md,"Inventoried; no direct changed application interface identified; covered through consumers, not individually certified"
libgnutls30:amd64,3.7.1-5+deb11u7,,removed,crypto-and-TLS-support,plan-and-results.md,Distinguish tool TLS from bundled radio crypto; no blanket legacy-provider changes
libgnutls30t64:amd64,,3.8.9-3+deb13u4,added,crypto-and-TLS-support,plan-and-results.md,Distinguish tool TLS from bundled radio crypto; no blanket legacy-provider changes
libgpg-error0:amd64,1.38-2,,removed,crypto-and-TLS-support,plan-and-results.md,Distinguish tool TLS from bundled radio crypto; no blanket legacy-provider changes
libgssapi-krb5-2:amd64,1.18.3-6+deb11u7,1.21.3-5+deb13u1,changed,crypto-and-TLS-support,plan-and-results.md,Distinguish tool TLS from bundled radio crypto; no blanket legacy-provider changes
libhogweed6:amd64,3.7.3-1,,removed,crypto-and-TLS-support,plan-and-results.md,Distinguish tool TLS from bundled radio crypto; no blanket legacy-provider changes
libhogweed6t64:amd64,,3.10.1-1,added,crypto-and-TLS-support,plan-and-results.md,Distinguish tool TLS from bundled radio crypto; no blanket legacy-provider changes
libicu67:amd64,67.1-7+deb11u1,,removed,base-or-transitive-support,plan-and-results.md,"Inventoried; no direct changed application interface identified; covered through consumers, not individually certified"
libicu76:amd64,,76.1-4,added,base-or-transitive-support,plan-and-results.md,"Inventoried; no direct changed application interface identified; covered through consumers, not individually certified"
libidn2-0:amd64,2.3.0-5,2.3.8-2,changed,base-or-transitive-support,plan-and-results.md,"Inventoried; no direct changed application interface identified; covered through consumers, not individually certified"
libip4tc2:amd64,1.8.7-1,1.8.11-2,changed,networking,runtime.md,Isolated actual-tool tests; host kernel and physical acceptance remain
libip6tc2:amd64,1.8.7-1,1.8.11-2,changed,networking,runtime.md,Isolated actual-tool tests; host kernel and physical acceptance remain
libiperf0:amd64,3.9-1+deb11u3,3.18-2+deb13u2,changed,networking,runtime.md,Isolated actual-tool tests; host kernel and physical acceptance remain
libipset13:amd64,7.10-1,,removed,networking,runtime.md,Isolated actual-tool tests; host kernel and physical acceptance remain
libipset13t64:amd64,,7.22-1+b1,added,networking,runtime.md,Isolated actual-tool tests; host kernel and physical acceptance remain
libjemalloc2:amd64,,5.3.0-3,added,base-or-transitive-support,plan-and-results.md,"Inventoried; no direct changed application interface identified; covered through consumers, not individually certified"
libjq1:amd64,1.6-2.1,1.7.1-6+deb13u3,changed,shell-and-control-utilities,runtime.md,Existing shell/lifecycle tests; actual Bashio API error-path checks remain
libjs-jquery,3.5.1+dfsg+~3.5.5-7,3.6.1+dfsg+~3.5.14-1,changed,web-build-and-serialization,web-build.md,Full build/linkage; browser behavior and precise advisory exposure remain
libjson-c5:amd64,0.15-2+deb11u1,0.18+ds-1,changed,base-or-transitive-support,plan-and-results.md,"Inventoried; no direct changed application interface identified; covered through consumers, not individually certified"
libjsoncpp-dev:amd64,1.9.4-4,1.9.6-3,changed,web-build-and-serialization,web-build.md,Full build/linkage; browser behavior and precise advisory exposure remain
libjsoncpp24:amd64,1.9.4-4,,removed,web-build-and-serialization,web-build.md,Full build/linkage; browser behavior and precise advisory exposure remain
libjsoncpp26:amd64,,1.9.6-3,added,web-build-and-serialization,web-build.md,Full build/linkage; browser behavior and precise advisory exposure remain
libk5crypto3:amd64,1.18.3-6+deb11u7,1.21.3-5+deb13u1,changed,crypto-and-TLS-support,plan-and-results.md,Distinguish tool TLS from bundled radio crypto; no blanket legacy-provider changes
libkeyutils1:amd64,1.6.1-2,1.6.3-6,changed,crypto-and-TLS-support,plan-and-results.md,Distinguish tool TLS from bundled radio crypto; no blanket legacy-provider changes
libkrb5-3:amd64,1.18.3-6+deb11u7,1.21.3-5+deb13u1,changed,crypto-and-TLS-support,plan-and-results.md,Distinguish tool TLS from bundled radio crypto; no blanket legacy-provider changes
libkrb5support0:amd64,1.18.3-6+deb11u7,1.21.3-5+deb13u1,changed,crypto-and-TLS-support,plan-and-results.md,Distinguish tool TLS from bundled radio crypto; no blanket legacy-provider changes
liblastlog2-2:amd64,,2.41-5,added,base-or-transitive-support,plan-and-results.md,"Inventoried; no direct changed application interface identified; covered through consumers, not individually certified"
libldap-2.4-2:amd64,2.4.57+dfsg-3+deb11u1,,removed,base-or-transitive-support,plan-and-results.md,"Inventoried; no direct changed application interface identified; covered through consumers, not individually certified"
libldap2:amd64,,2.6.10+dfsg-1,added,base-or-transitive-support,plan-and-results.md,"Inventoried; no direct changed application interface identified; covered through consumers, not individually certified"
liblmdb0:amd64,0.9.24-1,0.9.31-1+b2,changed,base-or-transitive-support,plan-and-results.md,"Inventoried; no direct changed application interface identified; covered through consumers, not individually certified"
liblognorm5:amd64,2.0.5-1.1,2.0.6-5,changed,discovery-reference-and-daemons,baseline.md,Installed does not mean enabled; no unproven package removal
liblz4-1:amd64,1.9.3-2,1.10.0-4,changed,base-or-transitive-support,plan-and-results.md,"Inventoried; no direct changed application interface identified; covered through consumers, not individually certified"
liblzma5:amd64,5.2.5-2.1~deb11u1,5.8.1-1+deb13u1,changed,base-or-transitive-support,plan-and-results.md,"Inventoried; no direct changed application interface identified; covered through consumers, not individually certified"
libmaxminddb0:amd64,1.5.2-1,1.12.2-1,changed,base-or-transitive-support,plan-and-results.md,"Inventoried; no direct changed application interface identified; covered through consumers, not individually certified"
libmbedcrypto16:amd64,,3.6.6-0.1~deb13u1,added,crypto-and-TLS-support,plan-and-results.md,Distinguish tool TLS from bundled radio crypto; no blanket legacy-provider changes
libmbedcrypto3:amd64,2.16.9-0.1+deb11u3,,removed,crypto-and-TLS-support,plan-and-results.md,Distinguish tool TLS from bundled radio crypto; no blanket legacy-provider changes
libmbedtls12:amd64,2.16.9-0.1+deb11u3,,removed,crypto-and-TLS-support,plan-and-results.md,Distinguish tool TLS from bundled radio crypto; no blanket legacy-provider changes
libmbedtls21:amd64,,3.6.6-0.1~deb13u1,added,crypto-and-TLS-support,plan-and-results.md,Distinguish tool TLS from bundled radio crypto; no blanket legacy-provider changes
libmbedx509-0:amd64,2.16.9-0.1+deb11u3,,removed,crypto-and-TLS-support,plan-and-results.md,Distinguish tool TLS from bundled radio crypto; no blanket legacy-provider changes
libmbedx509-7:amd64,,3.6.6-0.1~deb13u1,added,crypto-and-TLS-support,plan-and-results.md,Distinguish tool TLS from bundled radio crypto; no blanket legacy-provider changes
libmd0:amd64,1.0.3-3,1.1.0-2+b1,changed,base-or-transitive-support,plan-and-results.md,"Inventoried; no direct changed application interface identified; covered through consumers, not individually certified"
libmnl0:amd64,1.0.4-3,1.0.5-3,changed,networking,runtime.md,Isolated actual-tool tests; host kernel and physical acceptance remain
libmount1:amd64,2.36.1-8+deb11u2,2.41-5,changed,base-or-transitive-support,plan-and-results.md,"Inventoried; no direct changed application interface identified; covered through consumers, not individually certified"
libmpdec3:amd64,2.5.1-1,,removed,base-or-transitive-support,plan-and-results.md,"Inventoried; no direct changed application interface identified; covered through consumers, not individually certified"
libncursesw6:amd64,6.2+20201114-2+deb11u2,6.5+20250216-2,changed,application-runtime-support,runtime.md,Linkage and service/CLI acceptance; libsystemd newly linked
libnetfilter-conntrack3:amd64,1.0.8-3,1.1.0-1,changed,networking,runtime.md,Isolated actual-tool tests; host kernel and physical acceptance remain
libnetfilter-queue1:amd64,1.0.5-2,1.0.5-4+b1,changed,networking,runtime.md,Isolated actual-tool tests; host kernel and physical acceptance remain
libnettle8:amd64,3.7.3-1,,removed,crypto-and-TLS-support,plan-and-results.md,Distinguish tool TLS from bundled radio crypto; no blanket legacy-provider changes
libnettle8t64:amd64,,3.10.1-1,added,crypto-and-TLS-support,plan-and-results.md,Distinguish tool TLS from bundled radio crypto; no blanket legacy-provider changes
libnfnetlink0:amd64,1.0.1-3+b1,1.0.2-3,changed,networking,runtime.md,Isolated actual-tool tests; host kernel and physical acceptance remain
libnftnl11:amd64,1.1.9-1,1.2.9-1,changed,networking,runtime.md,Isolated actual-tool tests; host kernel and physical acceptance remain
libnghttp2-14:amd64,1.43.0-1+deb11u2,1.64.0-1.1+deb13u1,changed,base-or-transitive-support,plan-and-results.md,"Inventoried; no direct changed application interface identified; covered through consumers, not individually certified"
libnghttp3-9:amd64,,1.8.0-1,added,base-or-transitive-support,plan-and-results.md,"Inventoried; no direct changed application interface identified; covered through consumers, not individually certified"
libnode115:amd64,,20.19.2+dfsg-1+deb13u2,added,web-build-and-serialization,web-build.md,Full build/linkage; browser behavior and precise advisory exposure remain
libnode72:amd64,12.22.12~dfsg-1~deb11u7,,removed,web-build-and-serialization,web-build.md,Full build/linkage; browser behavior and precise advisory exposure remain
libnsl-dev:amd64,1.3.0-2,,removed,native-build-and-ABI,compiler-python.md; runtime.md,Full AMD64 build/linkage; ARM ABI acceptance remains
libnsl2:amd64,1.3.0-2,,removed,base-or-transitive-support,plan-and-results.md,"Inventoried; no direct changed application interface identified; covered through consumers, not individually certified"
libonig5:amd64,6.9.6-1.1,6.9.9-1+b1,changed,base-or-transitive-support,plan-and-results.md,"Inventoried; no direct changed application interface identified; covered through consumers, not individually certified"
libp11-kit0:amd64,0.23.22-1,0.25.5-3,changed,crypto-and-TLS-support,plan-and-results.md,Distinguish tool TLS from bundled radio crypto; no blanket legacy-provider changes
libpam-modules-bin,1.4.0-9+deb11u1,1.7.0-5,changed,base-or-transitive-support,plan-and-results.md,"Inventoried; no direct changed application interface identified; covered through consumers, not individually certified"
libpam-modules:amd64,1.4.0-9+deb11u1,1.7.0-5,changed,base-or-transitive-support,plan-and-results.md,"Inventoried; no direct changed application interface identified; covered through consumers, not individually certified"
libpam-runtime,1.4.0-9+deb11u1,1.7.0-5,changed,base-or-transitive-support,plan-and-results.md,"Inventoried; no direct changed application interface identified; covered through consumers, not individually certified"
libpam0g:amd64,1.4.0-9+deb11u1,1.7.0-5,changed,base-or-transitive-support,plan-and-results.md,"Inventoried; no direct changed application interface identified; covered through consumers, not individually certified"
libpcre2-8-0:amd64,10.36-2+deb11u1,10.46-1~deb13u1,changed,base-or-transitive-support,plan-and-results.md,"Inventoried; no direct changed application interface identified; covered through consumers, not individually certified"
libpcre3:amd64,2:8.39-13,,removed,base-or-transitive-support,plan-and-results.md,"Inventoried; no direct changed application interface identified; covered through consumers, not individually certified"
libprotobuf-c1:amd64,1.3.3-1+b2,1.5.1-1,changed,web-build-and-serialization,web-build.md,Full build/linkage; browser behavior and precise advisory exposure remain
libprotobuf-dev:amd64,3.12.4-1+deb11u1,3.21.12-11+deb13u1,changed,web-build-and-serialization,web-build.md,Full build/linkage; browser behavior and precise advisory exposure remain
libprotobuf-lite23:amd64,3.12.4-1+deb11u1,,removed,web-build-and-serialization,web-build.md,Full build/linkage; browser behavior and precise advisory exposure remain
libprotobuf-lite32t64:amd64,,3.21.12-11+deb13u1,added,web-build-and-serialization,web-build.md,Full build/linkage; browser behavior and precise advisory exposure remain
libprotobuf23:amd64,3.12.4-1+deb11u1,,removed,web-build-and-serialization,web-build.md,Full build/linkage; browser behavior and precise advisory exposure remain
libprotobuf32t64:amd64,,3.21.12-11+deb13u1,added,web-build-and-serialization,web-build.md,Full build/linkage; browser behavior and precise advisory exposure remain
libprotoc23:amd64,3.12.4-1+deb11u1,,removed,web-build-and-serialization,web-build.md,Full build/linkage; browser behavior and precise advisory exposure remain
libprotoc32t64:amd64,,3.21.12-11+deb13u1,added,web-build-and-serialization,web-build.md,Full build/linkage; browser behavior and precise advisory exposure remain
libpsl5:amd64,0.21.0-1.2,,removed,base-or-transitive-support,plan-and-results.md,"Inventoried; no direct changed application interface identified; covered through consumers, not individually certified"
libpsl5t64:amd64,,0.21.2-1.1+b1,added,base-or-transitive-support,plan-and-results.md,"Inventoried; no direct changed application interface identified; covered through consumers, not individually certified"
libpython3-stdlib:amd64,3.9.2-3,3.13.5-1,changed,python-and-packaged-extensions,compiler-python.md,Direct helper API review; installed extension presence does not establish active use
libpython3.13-minimal:amd64,,3.13.5-2+deb13u5,added,python-and-packaged-extensions,compiler-python.md,Direct helper API review; installed extension presence does not establish active use
libpython3.13-stdlib:amd64,,3.13.5-2+deb13u5,added,python-and-packaged-extensions,compiler-python.md,Direct helper API review; installed extension presence does not establish active use
libpython3.9-minimal:amd64,3.9.2-1+deb11u6,,removed,python-and-packaged-extensions,compiler-python.md,Direct helper API review; installed extension presence does not establish active use
libpython3.9-stdlib:amd64,3.9.2-1+deb11u6,,removed,python-and-packaged-extensions,compiler-python.md,Direct helper API review; installed extension presence does not establish active use
libreadline8:amd64,8.1-1,,removed,application-runtime-support,runtime.md,Linkage and service/CLI acceptance; libsystemd newly linked
libreadline8t64:amd64,,8.2-6,added,application-runtime-support,runtime.md,Linkage and service/CLI acceptance; libsystemd newly linked
librtmp1:amd64,2.4+20151223.gitfa8646d.1-2+b2,2.4+20151223.gitfa8646d.1-2+b5,changed,base-or-transitive-support,plan-and-results.md,"Inventoried; no direct changed application interface identified; covered through consumers, not individually certified"
libsasl2-2:amd64,2.1.27+dfsg-2.1+deb11u1,2.1.28+dfsg1-9,changed,base-or-transitive-support,plan-and-results.md,"Inventoried; no direct changed application interface identified; covered through consumers, not individually certified"
libsasl2-modules-db:amd64,2.1.27+dfsg-2.1+deb11u1,2.1.28+dfsg1-9,changed,base-or-transitive-support,plan-and-results.md,"Inventoried; no direct changed application interface identified; covered through consumers, not individually certified"
libsctp1:amd64,1.0.18+dfsg-1,1.0.21+dfsg-1,changed,base-or-transitive-support,plan-and-results.md,"Inventoried; no direct changed application interface identified; covered through consumers, not individually certified"
libseccomp2:amd64,2.5.1-1+deb11u1,2.6.0-2,changed,base-or-transitive-support,plan-and-results.md,"Inventoried; no direct changed application interface identified; covered through consumers, not individually certified"
libselinux1:amd64,3.1-3,3.8.1-1,changed,base-or-transitive-support,plan-and-results.md,"Inventoried; no direct changed application interface identified; covered through consumers, not individually certified"
libsemanage-common,3.1-1,3.8.1-1,changed,base-or-transitive-support,plan-and-results.md,"Inventoried; no direct changed application interface identified; covered through consumers, not individually certified"
libsemanage1:amd64,3.1-1+b2,,removed,base-or-transitive-support,plan-and-results.md,"Inventoried; no direct changed application interface identified; covered through consumers, not individually certified"
libsemanage2:amd64,,3.8.1-1,added,base-or-transitive-support,plan-and-results.md,"Inventoried; no direct changed application interface identified; covered through consumers, not individually certified"
libsepol1:amd64,3.1-1+deb11u1,,removed,base-or-transitive-support,plan-and-results.md,"Inventoried; no direct changed application interface identified; covered through consumers, not individually certified"
libsepol2:amd64,,3.8.1-1,added,base-or-transitive-support,plan-and-results.md,"Inventoried; no direct changed application interface identified; covered through consumers, not individually certified"
libsmartcols1:amd64,2.36.1-8+deb11u2,2.41-5,changed,base-or-transitive-support,plan-and-results.md,"Inventoried; no direct changed application interface identified; covered through consumers, not individually certified"
libsqlite3-0:amd64,3.34.1-3+deb11u1,3.46.1-7+deb13u1,changed,base-or-transitive-support,plan-and-results.md,"Inventoried; no direct changed application interface identified; covered through consumers, not individually certified"
libss2:amd64,1.46.2-2+deb11u1,,removed,base-or-transitive-support,plan-and-results.md,"Inventoried; no direct changed application interface identified; covered through consumers, not individually certified"
libssh2-1:amd64,1.9.0-2+deb11u1,,removed,base-or-transitive-support,plan-and-results.md,"Inventoried; no direct changed application interface identified; covered through consumers, not individually certified"
libssh2-1t64:amd64,,1.11.1-1+deb13u1,added,base-or-transitive-support,plan-and-results.md,"Inventoried; no direct changed application interface identified; covered through consumers, not individually certified"
libssl1.1:amd64,1.1.1w-0+deb11u5,,removed,crypto-and-TLS-support,plan-and-results.md,Distinguish tool TLS from bundled radio crypto; no blanket legacy-provider changes
libssl3t64:amd64,,3.5.7-1~deb13u2,added,crypto-and-TLS-support,plan-and-results.md,Distinguish tool TLS from bundled radio crypto; no blanket legacy-provider changes
libstdc++6:amd64,10.2.1-6,14.2.0-19,changed,native-build-and-ABI,compiler-python.md; runtime.md,Full AMD64 build/linkage; ARM ABI acceptance remains
libsystemd0:amd64,247.3-7+deb11u6,257.13-1~deb13u1,changed,application-runtime-support,runtime.md,Linkage and service/CLI acceptance; libsystemd newly linked
libtasn1-6:amd64,4.16.0-2+deb11u2,4.20.0-2+deb13u1,changed,crypto-and-TLS-support,plan-and-results.md,Distinguish tool TLS from bundled radio crypto; no blanket legacy-provider changes
libtinfo6:amd64,6.2+20201114-2+deb11u2,6.5+20250216-2,changed,application-runtime-support,runtime.md,Linkage and service/CLI acceptance; libsystemd newly linked
libtirpc-common,1.3.1-1+deb11u1,1.3.6+ds-1,changed,base-or-transitive-support,plan-and-results.md,"Inventoried; no direct changed application interface identified; covered through consumers, not individually certified"
libtirpc-dev:amd64,1.3.1-1+deb11u1,,removed,native-build-and-ABI,compiler-python.md; runtime.md,Full AMD64 build/linkage; ARM ABI acceptance remains
libtirpc3:amd64,1.3.1-1+deb11u1,,removed,base-or-transitive-support,plan-and-results.md,"Inventoried; no direct changed application interface identified; covered through consumers, not individually certified"
libtirpc3t64:amd64,,1.3.6+ds-1,added,base-or-transitive-support,plan-and-results.md,"Inventoried; no direct changed application interface identified; covered through consumers, not individually certified"
libudev1:amd64,247.3-7+deb11u6,257.13-1~deb13u1,changed,application-runtime-support,runtime.md,Linkage and service/CLI acceptance; libsystemd newly linked
libunistring2:amd64,0.9.10-4,,removed,base-or-transitive-support,plan-and-results.md,"Inventoried; no direct changed application interface identified; covered through consumers, not individually certified"
libunistring5:amd64,,1.3-2,added,base-or-transitive-support,plan-and-results.md,"Inventoried; no direct changed application interface identified; covered through consumers, not individually certified"
liburcu8t64:amd64,,0.15.2-2,added,base-or-transitive-support,plan-and-results.md,"Inventoried; no direct changed application interface identified; covered through consumers, not individually certified"
libuuid1:amd64,2.36.1-8+deb11u2,2.41-5,changed,base-or-transitive-support,plan-and-results.md,"Inventoried; no direct changed application interface identified; covered through consumers, not individually certified"
libuv1:amd64,1.40.0-2+deb11u1,,removed,base-or-transitive-support,plan-and-results.md,"Inventoried; no direct changed application interface identified; covered through consumers, not individually certified"
libuv1t64:amd64,,1.50.0-2,added,base-or-transitive-support,plan-and-results.md,"Inventoried; no direct changed application interface identified; covered through consumers, not individually certified"
libwrap0:amd64,7.6.q-31,7.6.q-36,changed,networking,runtime.md,Isolated actual-tool tests; host kernel and physical acceptance remain
libxml2:amd64,2.9.10+dfsg-6.7+deb11u9,2.12.7+dfsg+really2.9.14-2.1+deb13u3,changed,base-or-transitive-support,plan-and-results.md,"Inventoried; no direct changed application interface identified; covered through consumers, not individually certified"
libxtables12:amd64,1.8.7-1,1.8.11-2,changed,networking,runtime.md,Isolated actual-tool tests; host kernel and physical acceptance remain
libxxhash0:amd64,0.8.0-2,0.8.3-2,changed,base-or-transitive-support,plan-and-results.md,"Inventoried; no direct changed application interface identified; covered through consumers, not individually certified"
libzstd1:amd64,1.4.8+dfsg-2.1,1.5.7+dfsg-1,changed,base-or-transitive-support,plan-and-results.md,"Inventoried; no direct changed application interface identified; covered through consumers, not individually certified"
linux-libc-dev,,6.12.107-1,added,native-build-and-ABI,compiler-python.md; runtime.md,Full AMD64 build/linkage; ARM ABI acceptance remains
linux-libc-dev:amd64,5.10.251-1,,removed,native-build-and-ABI,compiler-python.md; runtime.md,Full AMD64 build/linkage; ARM ABI acceptance remains
login,1:4.8.1-1+deb11u1,1:4.16.0-2+really2.41-5,changed,base-or-transitive-support,plan-and-results.md,"Inventoried; no direct changed application interface identified; covered through consumers, not individually certified"
login.defs,,1:4.17.4-2,added,base-or-transitive-support,plan-and-results.md,"Inventoried; no direct changed application interface identified; covered through consumers, not individually certified"
logsave,1.46.2-2+deb11u1,,removed,base-or-transitive-support,plan-and-results.md,"Inventoried; no direct changed application interface identified; covered through consumers, not individually certified"
lsb-base,11.1.0,,removed,base-or-transitive-support,plan-and-results.md,"Inventoried; no direct changed application interface identified; covered through consumers, not individually certified"
lsb-release,11.1.0,12.1-1,changed,base-or-transitive-support,plan-and-results.md,"Inventoried; no direct changed application interface identified; covered through consumers, not individually certified"
mawk,1.3.4.20200120-2,1.3.4.20250131-1,changed,shell-and-control-utilities,runtime.md,Existing shell/lifecycle tests; actual Bashio API error-path checks remain
media-types,4.0.0,13.0.0,changed,base-or-transitive-support,plan-and-results.md,"Inventoried; no direct changed application interface identified; covered through consumers, not individually certified"
mount,2.36.1-8+deb11u2,2.41-5,changed,base-or-transitive-support,plan-and-results.md,"Inventoried; no direct changed application interface identified; covered through consumers, not individually certified"
ncurses-base,6.2+20201114-2+deb11u2,6.5+20250216-2,changed,application-runtime-support,runtime.md,Linkage and service/CLI acceptance; libsystemd newly linked
ncurses-bin,6.2+20201114-2+deb11u2,6.5+20250216-2,changed,application-runtime-support,runtime.md,Linkage and service/CLI acceptance; libsystemd newly linked
netbase,6.3,6.5,changed,base-or-transitive-support,plan-and-results.md,"Inventoried; no direct changed application interface identified; covered through consumers, not individually certified"
netcat,1.10-46,,removed,networking,runtime.md,Isolated actual-tool tests; host kernel and physical acceptance remain
netcat-openbsd,1.217-3,1.229-1,changed,networking,runtime.md,Isolated actual-tool tests; host kernel and physical acceptance remain
node-acorn,,8.8.1+ds+~cs25.17.7-2,added,web-build-and-serialization,web-build.md,Full build/linkage; browser behavior and precise advisory exposure remain
node-balanced-match,,2.0.0-1,added,web-build-and-serialization,web-build.md,Full build/linkage; browser behavior and precise advisory exposure remain
node-brace-expansion,,2.0.1+~1.1.0-2,added,web-build-and-serialization,web-build.md,Full build/linkage; browser behavior and precise advisory exposure remain
node-cjs-module-lexer,,1.2.3+dfsg-1,added,web-build-and-serialization,web-build.md,Full build/linkage; browser behavior and precise advisory exposure remain
node-corepack,,0.24.0-5,added,web-build-and-serialization,web-build.md,Full build/linkage; browser behavior and precise advisory exposure remain
node-minimatch,,9.0.3-6,added,web-build-and-serialization,web-build.md,Full build/linkage; browser behavior and precise advisory exposure remain
node-undici,,7.3.0+dfsg1+~cs24.12.11-1,added,web-build-and-serialization,web-build.md,Full build/linkage; browser behavior and precise advisory exposure remain
node-xtend,,4.0.2-3,added,web-build-and-serialization,web-build.md,Full build/linkage; browser behavior and precise advisory exposure remain
nodejs,12.22.12~dfsg-1~deb11u7,20.19.2+dfsg-1+deb13u2,changed,web-build-and-serialization,web-build.md,Full build/linkage; browser behavior and precise advisory exposure remain
openssl,,3.5.7-1~deb13u2,added,crypto-and-TLS-support,plan-and-results.md,Distinguish tool TLS from bundled radio crypto; no blanket legacy-provider changes
openssl-provider-legacy,,3.5.7-1~deb13u2,added,crypto-and-TLS-support,plan-and-results.md,Distinguish tool TLS from bundled radio crypto; no blanket legacy-provider changes
passwd,1:4.8.1-1+deb11u1,1:4.17.4-2,changed,base-or-transitive-support,plan-and-results.md,"Inventoried; no direct changed application interface identified; covered through consumers, not individually certified"
perl-base,5.32.1-4+deb11u5,5.40.1-6+deb13u1,changed,base-or-transitive-support,plan-and-results.md,"Inventoried; no direct changed application interface identified; covered through consumers, not individually certified"
protobuf-compiler,3.12.4-1+deb11u1,3.21.12-11+deb13u1,changed,web-build-and-serialization,web-build.md,Full build/linkage; browser behavior and precise advisory exposure remain
python3,3.9.2-3,3.13.5-1,changed,python-and-packaged-extensions,compiler-python.md,Direct helper API review; installed extension presence does not establish active use
python3-aiohappyeyeballs,,2.6.1-1,added,python-and-packaged-extensions,compiler-python.md,Direct helper API review; installed extension presence does not establish active use
python3-aiohttp,3.7.4-1+deb11u1,3.11.16-1+deb13u1,changed,python-and-packaged-extensions,compiler-python.md,Direct helper API review; installed extension presence does not establish active use
python3-aiosignal,,1.3.2-1,added,python-and-packaged-extensions,compiler-python.md,Direct helper API review; installed extension presence does not establish active use
python3-async-timeout,3.0.1-1.1,5.0.1-1,changed,python-and-packaged-extensions,compiler-python.md,Direct helper API review; installed extension presence does not establish active use
python3-attr,20.3.0-1,25.3.0-1,changed,python-and-packaged-extensions,compiler-python.md,Direct helper API review; installed extension presence does not establish active use
python3-bcrypt,,4.2.0-2.1+b1,added,python-and-packaged-extensions,compiler-python.md,Direct helper API review; installed extension presence does not establish active use
python3-cffi-backend:amd64,1.14.5-1,1.17.1-3,changed,python-and-packaged-extensions,compiler-python.md,Direct helper API review; installed extension presence does not establish active use
python3-chardet,4.0.0-1,,removed,python-and-packaged-extensions,compiler-python.md,Direct helper API review; installed extension presence does not establish active use
python3-cryptography,3.3.2-1+deb11u1,43.0.0-3+deb13u1,changed,python-and-packaged-extensions,compiler-python.md,Direct helper API review; installed extension presence does not establish active use
python3-frozenlist,,1.6.0-1,added,python-and-packaged-extensions,compiler-python.md,Direct helper API review; installed extension presence does not establish active use
python3-idna,2.10-1+deb11u1,3.10-1+deb13u1,changed,python-and-packaged-extensions,compiler-python.md,Direct helper API review; installed extension presence does not establish active use
python3-minimal,3.9.2-3,3.13.5-1,changed,python-and-packaged-extensions,compiler-python.md,Direct helper API review; installed extension presence does not establish active use
python3-multidict,5.1.0-1,6.4.3-1,changed,python-and-packaged-extensions,compiler-python.md,Direct helper API review; installed extension presence does not establish active use
python3-pkg-resources,52.0.0-4+deb11u2,,removed,python-and-packaged-extensions,compiler-python.md,Direct helper API review; installed extension presence does not establish active use
python3-ply,3.11-4,,removed,python-and-packaged-extensions,compiler-python.md,Direct helper API review; installed extension presence does not establish active use
python3-propcache,,0.3.1-1,added,python-and-packaged-extensions,compiler-python.md,Direct helper API review; installed extension presence does not establish active use
python3-six,1.16.0-2,,removed,python-and-packaged-extensions,compiler-python.md,Direct helper API review; installed extension presence does not establish active use
python3-typing-extensions,3.7.4.3-1,,removed,python-and-packaged-extensions,compiler-python.md,Direct helper API review; installed extension presence does not establish active use
python3-yarl,1.6.3-2,1.19.0-1,changed,python-and-packaged-extensions,compiler-python.md,Direct helper API review; installed extension presence does not establish active use
python3.13,,3.13.5-2+deb13u5,added,python-and-packaged-extensions,compiler-python.md,Direct helper API review; installed extension presence does not establish active use
python3.13-minimal,,3.13.5-2+deb13u5,added,python-and-packaged-extensions,compiler-python.md,Direct helper API review; installed extension presence does not establish active use
python3.9,3.9.2-1+deb11u6,,removed,python-and-packaged-extensions,compiler-python.md,Direct helper API review; installed extension presence does not establish active use
python3.9-minimal,3.9.2-1+deb11u6,,removed,python-and-packaged-extensions,compiler-python.md,Direct helper API review; installed extension presence does not establish active use
radvd,1:2.18-3,1:2.20-1+b1,changed,discovery-reference-and-daemons,baseline.md,Installed does not mean enabled; no unproven package removal
readline-common,8.1-1,8.2-6,changed,application-runtime-support,runtime.md,Linkage and service/CLI acceptance; libsystemd newly linked
rpcsvc-proto,,1.4.3-1,added,native-build-and-ABI,compiler-python.md; runtime.md,Full AMD64 build/linkage; ARM ABI acceptance remains
rsyslog,8.2102.0-2+deb11u1,8.2504.0-1+deb13u2,changed,discovery-reference-and-daemons,baseline.md,Installed does not mean enabled; no unproven package removal
sed,4.7-1,4.9-2+deb13u1,changed,shell-and-control-utilities,runtime.md,Existing shell/lifecycle tests; actual Bashio API error-path checks remain
socat,1.7.4.1-3,1.8.0.3-1+deb13u1,changed,networking,runtime.md,Isolated actual-tool tests; host kernel and physical acceptance remain
sqv,,1.3.0-3+b2,added,base-or-transitive-support,plan-and-results.md,"Inventoried; no direct changed application interface identified; covered through consumers, not individually certified"
sudo,1.9.5p2-3+deb11u3,1.9.16p2-3+deb13u2,changed,base-or-transitive-support,plan-and-results.md,"Inventoried; no direct changed application interface identified; covered through consumers, not individually certified"
sysvinit-utils,2.96-7+deb11u1,3.14-4,changed,base-or-transitive-support,plan-and-results.md,"Inventoried; no direct changed application interface identified; covered through consumers, not individually certified"
tar,1.34+dfsg-1+deb11u1,1.35+dfsg-3.1,changed,base-or-transitive-support,plan-and-results.md,"Inventoried; no direct changed application interface identified; covered through consumers, not individually certified"
tzdata,2025b-0+deb11u1,2026b-0+deb13u1,changed,base-or-transitive-support,plan-and-results.md,"Inventoried; no direct changed application interface identified; covered through consumers, not individually certified"
util-linux,2.36.1-8+deb11u2,2.41-5,changed,shell-and-control-utilities,runtime.md,Existing shell/lifecycle tests; actual Bashio API error-path checks remain
xz-utils,5.2.5-2.1~deb11u1,5.8.1-1+deb13u1,changed,base-or-transitive-support,plan-and-results.md,"Inventoried; no direct changed application interface identified; covered through consumers, not individually certified"
zlib1g-dev:amd64,1:1.2.11.dfsg-2+deb11u2,1:1.3.dfsg+really1.3.1-1+b1,changed,native-build-and-ABI,compiler-python.md; runtime.md,Full AMD64 build/linkage; ARM ABI acceptance remains
zlib1g:amd64,1:1.2.11.dfsg-2+deb11u2,1:1.3.dfsg+really1.3.1-1+b1,changed,base-or-transitive-support,plan-and-results.md,"Inventoried; no direct changed application interface identified; covered through consumers, not individually certified"
